Title,Link,Owner,Time,Views
Introducing the OnePlus 7 Pro,https://www.youtube.com/watch?v=Ls_dxo6vNTc,OnePlus,1 month ago,"7,090,216 views"
Robert Downey Jr presents the OnePlus 7 Pro,https://www.youtube.com/watch?v=waPqXbyuHlY,OnePlus India,1 month ago,"52,209,878 views"
OnePlus 5: The perfect phone for students,https://www.youtube.com/watch?v=h5M0Ko0RR38,OnePlus,1 year ago,"8,153,766 views"
OnePlus 6: The perfect phone for students,https://www.youtube.com/watch?v=sVqDsi08qYA,OnePlus,10 months ago,"2,145,092 views"
OnePlus 6T - Unlock The Speed,https://www.youtube.com/watch?v=EKZ7ObS-4QY,OnePlus,8 months ago,"570,345 views"
OnePlus 5: Lake Blood,https://www.youtube.com/watch?v=LDdTjXw60Xg,OnePlus,1 year ago,"2,549,979 views"
OnePlus 6 - The Speed You Need,https://www.youtube.com/watch?v=GcXUi1Xj9i8,OnePlus,1 year ago,"42,997,074 views"
OnePlus 6T McLaren Edition - Salute to Speed,https://www.youtube.com/watch?v=5I2XxMhbvn4,OnePlus,6 months ago,"1,428,355 views"
OnePlus,https://www.youtube.com/user/oneplusmobile,OnePlus,301 videos,"630,497 views"
Introducing the OnePlus 3,https://www.youtube.com/watch?v=xeiD1JepSfM,Argus World,3 years ago,"1,082 views"
OnePlus 7 Pro Official Trailer Commercial,https://www.youtube.com/watch?v=x0wu2GisSSk,Official World Phone Commercial,1 month ago,"8,786 views"
OnePlus 7 Official Commercial ad.,https://www.youtube.com/watch?v=Vmzh64Php7g,Marques Brownlee,1 month ago,"6,056,437 views"
OnePlus 7 Pro Review: Silly Fast!,https://www.youtube.com/watch?v=PVWLD3064Ng,Unbox Therapy,1 month ago,"5,254,370 views"
OnePlus 7 Pro Unboxing - It's ALL SCREEN,https://www.youtube.com/watch?v=TXQaoKMphw4,Technical Guruji,1 month ago,"4,662,512 views"
OnePlus 7 Pro Unboxing & First Look - Performance Monster??? ðŸ”¥ðŸ”¥ðŸ”¥,https://www.youtube.com/watch?v=wwsPpLf0mxE,The Phone Commercials HD,1 month ago,"45,089 views"
OnePlus One - Never Settle Commercial,https://www.youtube.com/watch?v=iCGePvLqWIg,OnePlus India,5 years ago,"2,506,869 views"
OnePlus 7 Pro Unboxing Feat. Bunty from Sacred Games,https://www.youtube.com/watch?v=vKnLCsxmAss,OnePlus,1 month ago,"5,804,275 views"
How Dash Charge Works ft. Emily Ratajkowski,https://www.youtube.com/watch?v=mpQIDeu1DCE,Bee Tech,2 years ago,"1,587,130 views"
OnePlus 7 - Concept,https://www.youtube.com/watch?v=lbhDOKkW3vw,OnePlus,8 months ago,"4,314,928 views"
OnePlus 7 Pro - Go Beyond Speed,https://www.youtube.com/watch?v=x0O1wzfrt7w,Tech 7D4,1 month ago,738 views
EVERY Oneplus COMMERCIAL,https://www.youtube.com/watch?v=uOSMhKEptoM,The Phone Commercials HD,8 months ago,"7,638 views"
